camera_name,score,speed_mph,dist_m
BB-24 South Rdwy @ Above South St,0.5,7.45,17.6
FDR Dr @ Brooklyn Bridge ,1.0,3.72,18.2
Amsterdam @ 178 St,3.0,12.42,25.3
FDR Dr @ 36 St,4.0,6.83,31.2
WBB -17  SOR - 2  @ Delancey St/FDR,2.0,25.47,42.6
WBB-10 NIR-4 @ FDR RD,1.0,25.47,20.6
FDR Dr @ Brooklyn Bridge Exit NB,4.0,3.72,23.3
West st and West Thames (Battery tunnel),3.5,8.07,27.4
FDR @ 38 St,3.0,6.83,31.5
West street underpass entrance,0.0,8.07,15.9
BB-21 North Rdwy @ Above South St,0.0,7.45,18.4
FDR Dr @ Catherine Street,2.0,3.72,16.0
AVE C @ 23 St,5.5,10.56,40.0
WBB - 5 NOR-5 @ Delancey St North/FDR,1.0,25.47,20.5
Amsterdam Ave @ W 180 st ,0.0,12.42,30.9
FDR @ E 53 St,1.0,21.12,15.5
AVE C @ 18 St,0.0,10.56,18.9
FDR Dr @ 23 St,4.0,10.56,40.2
3rd Camera North Bound BPU,0.0,24.85,35.0
FDR @ E 6 St,2.0,25.47,9.8
FDR @ 48 St,1.0,21.12,5.3
